{
    "configurations": [
        {
            "name": "Win32",
            "includePath": [
                "${workspaceFolder}/**",
                "C:/msys64/mingw64/include",
                "C:/Program Files/NVIDIA GPU Computing Toolkit/CUDA/v12.8/include"
            ],
            "defines": [],
            "compilerPath": "C:/msys64/mingw64/bin/g++.exe",
            "cStandard": "c17",
            "cppStandard": "c++17",
            "intelliSenseMode": "windows-gcc-x64"
        }
    ],
    "version": 4
}